insert into teacher (ID, name, sex, tel, homeAddress) values ('tea100', '迟计b', '男', 15558506895, '黑龙江省,同江市')
insert into teacher (ID, name, sex, tel, homeAddress) values ('tea101', '施省', '男', 14203483789, '重庆市,城口县')
insert into teacher (ID, name, sex, tel, homeAddress) values ('tea102', '仕威', '男', 15709585116, '陕西省,榆林市')
insert into teacher (ID, name, sex, tel, homeAddress) values ('tea103', '丛梁津', '男', 13741657216, '贵州省,务川仡佬族苗族自治县')
insert into teacher (ID, name, sex, tel, homeAddress) values ('tea104', '闻葛安', '男', 15956857604, '新疆维吾尔自治区,巴音郭楞蒙古族自治州')
insert into teacher (ID, name, sex, tel, homeAddress) values ('tea105', '东校垂', '男', 15284131181, '内蒙古自治区,化德县')
insert into teacher (ID, name, sex, tel, homeAddress) values ('tea106', '朗鹏栓', '女', 13230507901, '上海市,金山区')
insert into teacher (ID, name, sex, tel, homeAddress) values ('tea107', '肖沐竹', '男', 13858201164, '青海省,治多县')
insert into teacher (ID, name, sex, tel, homeAddress) values ('tea108', '李铺绍', '男', 15238977801, '宁夏回族自治区,石嘴山区')
insert into teacher (ID, name, sex, tel, homeAddress) values ('tea109', '谷济阔', '男', 15915983993, '内蒙古自治区,松山区')
insert into teacher (ID, name, sex, tel, homeAddress) values ('tea110', '裘舸', '女', 13855921572, '北京市,宣武区')
insert into teacher (ID, name, sex, tel, homeAddress) values ('tea111', '汪元阿', '男', 13927129226, '台湾省,台湾省')
insert into teacher (ID, name, sex, tel, homeAddress) values ('tea112', '荀勤屹', '男', 14405301713, '山东省,梁山县')
insert into teacher (ID, name, sex, tel, homeAddress) values ('tea113', '修倪晟', '女', 15017448815, '陕西省,略阳县')
insert into teacher (ID, name, sex, tel, homeAddress) values ('tea114', '石共妍', '男', 14148394722, '内蒙古自治区,苏尼特左旗')
insert into teacher (ID, name, sex, tel, homeAddress) values ('tea115', '童举', '男', 14013969948, '广西壮族自治区,隆林各族自治县')
insert into teacher (ID, name, sex, tel, homeAddress) values ('tea116', '伏婴苏', '男', 14083471580, '河北省,沧州市')
insert into teacher (ID, name, sex, tel, homeAddress) values ('tea117', '缪@役', '男', 14732728007, '云南省,双江拉祜族佤族布朗族傣族自治县')
insert into teacher (ID, name, sex, tel, homeAddress) values ('tea118', '包谳', '男', 14695975459, '上海市,上海市')
insert into teacher (ID, name, sex, tel, homeAddress) values ('tea119', '江典炜', '男', 15545483483, '甘肃省,陇南地区')
insert into teacher (ID, name, sex, tel, homeAddress) values ('tea120', '叶公韩', '男', 15870537038, '上海市,松江区')
insert into teacher (ID, name, sex, tel, homeAddress) values ('tea121', '辜詹', '男', 14292857146, '贵州省,镇远县')
insert into teacher (ID, name, sex, tel, homeAddress) values ('tea122', '曾御', '男', 15126947631, '西藏自治区,左贡县')
insert into teacher (ID, name, sex, tel, homeAddress) values ('tea123', '蹇登', '男', 14855687978, '安徽省,中市区')
insert into teacher (ID, name, sex, tel, homeAddress) values ('tea124', '蒲音贤', '男', 15294163709, '贵州省,松桃苗族自治县')
insert into teacher (ID, name, sex, tel, homeAddress) values ('tea125', '辜菊', '女', 13506784011, '甘肃省,张家川回族自治县')
insert into teacher (ID, name, sex, tel, homeAddress) values ('tea126', '伍秦省', '男', 13164619965, '河北省,郊区')
insert into teacher (ID, name, sex, tel, homeAddress) values ('tea127', '刁降棉', '男', 15650051966, '安徽省,利辛县')
insert into teacher (ID, name, sex, tel, homeAddress) values ('tea128', '鄢轲霁', '男', 15342281040, '福建省,光泽县')
insert into teacher (ID, name, sex, tel, homeAddress) values ('tea129', '蒙百堡', '女', 14448015030, '江苏省,城区')
insert into teacher (ID, name, sex, tel, homeAddress) values ('tea130', '童襄玲', '男', 14260767934, '山西省,绛县')
insert into teacher (ID, name, sex, tel, homeAddress) values ('tea131', '颜晓央', '女', 14714838070, '福建省,建宁县')
insert into teacher (ID, name, sex, tel, homeAddress) values ('tea132', '蹇重援', '男', 14824575799, '浙江省,东阳市')
insert into teacher (ID, name, sex, tel, homeAddress) values ('tea133', '毕奕改', '男', 14837929108, '海南省,定安县')
insert into teacher (ID, name, sex, tel, homeAddress) values ('tea134', '敖延', '男', 15205821890, '宁夏回族自治区,宁夏回族自治区')
insert into teacher (ID, name, sex, tel, homeAddress) values ('tea135', '沐强峄', '男', 15474152136, '湖北省,洪湖市')
insert into teacher (ID, name, sex, tel, homeAddress) values ('tea136', '具苹沐', '男', 13214894910, '贵州省,剑河县')
insert into teacher (ID, name, sex, tel, homeAddress) values ('tea137', '邬杨沂', '男', 15107132766, '辽宁省,东陵区')
insert into teacher (ID, name, sex, tel, homeAddress) values ('tea138', '具盾更', '男', 13260536983, '新疆维吾尔自治区,尼勒克县')
insert into teacher (ID, name, sex, tel, homeAddress) values ('tea139', '焦健熙', '男', 13294906984, '安徽省,铜陵县')
insert into teacher (ID, name, sex, tel, homeAddress) values ('tea140', '闯权饶', '男', 13969045168, '青海省,玉树藏族自治州')
insert into teacher (ID, name, sex, tel, homeAddress) values ('tea141', '逯骄', '男', 15627709768, '陕西省,山阳县')
insert into teacher (ID, name, sex, tel, homeAddress) values ('tea142', '田设云', '女', 15972636676, '甘肃省,定西地区')
insert into teacher (ID, name, sex, tel, homeAddress) values ('tea143', '回块溪', '女', 14801696224, '上海市,松江区')
insert into teacher (ID, name, sex, tel, homeAddress) values ('tea144', '春雍镛', '男', 14406130026, '四川省,马边彝族自治县')
insert into teacher (ID, name, sex, tel, homeAddress) values ('tea145', '莫唯苇', '男', 13886752654, '广西壮族自治区,钦北区')
insert into teacher (ID, name, sex, tel, homeAddress) values ('tea146', '闵惜', '男', 13922038889, '贵州省,铜仁地区')
insert into teacher (ID, name, sex, tel, homeAddress) values ('tea147', '牛园顶', '男', 15460141876, '浙江省,湖州市')
insert into teacher (ID, name, sex, tel, homeAddress) values ('tea148', '甘玉公', '女', 15225666297, '天津市,河东区')
insert into teacher (ID, name, sex, tel, homeAddress) values ('tea149', '牟来', '女', 13397891530, '山东省,宁津县')
insert into teacher (ID, name, sex, tel, homeAddress) values ('tea150', '梅从3', '男', 14910474251, '青海省,湟源县')
insert into teacher (ID, name, sex, tel, homeAddress) values ('tea151', '禹凯塞', '女', 14124988714, '山东省,无棣县')
insert into teacher (ID, name, sex, tel, homeAddress) values ('tea152', '么都坛', '男', 13627929037, '江苏省,新沂市')
insert into teacher (ID, name, sex, tel, homeAddress) values ('tea153', '晁钦佐', '男', 14055376623, '青海省,平安县')
insert into teacher (ID, name, sex, tel, homeAddress) values ('tea154', '仕荣满', '女', 13657853204, '西藏自治区,波密县')
insert into teacher (ID, name, sex, tel, homeAddress) values ('tea155', '韶觊', '男', 15902432546, '江苏省,常熟市')
insert into teacher (ID, name, sex, tel, homeAddress) values ('tea156', '仁扬陆', '女', 14524458758, '上海市,卢湾区')
insert into teacher (ID, name, sex, tel, homeAddress) values ('tea157', '淡阁珠', '男', 13521244069, '湖南省,湘潭县')
insert into teacher (ID, name, sex, tel, homeAddress) values ('tea158', '栾珈', '男', 13385080356, '湖南省,攸县')
insert into teacher (ID, name, sex, tel, homeAddress) values ('tea159', '娄诸', '女', 14315279511, '山西省,芮城县')
insert into teacher (ID, name, sex, tel, homeAddress) values ('tea160', '翁侃难', '女', 13657543307, '江西省,景德镇市')
insert into teacher (ID, name, sex, tel, homeAddress) values ('tea161', '邴番云', '男', 14212026823, '江苏省,常熟市')
insert into teacher (ID, name, sex, tel, homeAddress) values ('tea162', '牟书', '男', 15478457574, '内蒙古自治区,郊区')
insert into teacher (ID, name, sex, tel, homeAddress) values ('tea163', 'z信宏', '男', 15029986373, '甘肃省,西峰市')
insert into teacher (ID, name, sex, tel, homeAddress) values ('tea164', '臧敏', '男', 15681231656, '台湾省,台湾省')
insert into teacher (ID, name, sex, tel, homeAddress) values ('tea165', '谷向文', '男', 15673928689, '黑龙江省,兴安区')
insert into teacher (ID, name, sex, tel, homeAddress) values ('tea166', '邢核淼', '男', 15444177072, '安徽省,桐城市')
insert into teacher (ID, name, sex, tel, homeAddress) values ('tea167', '柏休优', '男', 15495395048, '台湾省,台湾省')
insert into teacher (ID, name, sex, tel, homeAddress) values ('tea168', '柘野', '男', 15120820718, '吉林省,船营区')
insert into teacher (ID, name, sex, tel, homeAddress) values ('tea169', '慈诗', '男', 13561599956, '云南省,金平苗族瑶族傣族自治县')
insert into teacher (ID, name, sex, tel, homeAddress) values ('tea170', '祁召猛', '男', 13824836143, '重庆市,永川市')
insert into teacher (ID, name, sex, tel, homeAddress) values ('tea171', '乌夫乃', '男', 14195012899, '内蒙古自治区,磴口县')
insert into teacher (ID, name, sex, tel, homeAddress) values ('tea172', '厉翎', '男', 13973438937, '西藏自治区,边坝县')
insert into teacher (ID, name, sex, tel, homeAddress) values ('tea173', '闵笋', '男', 14454685749, '云南省,临沧县')
insert into teacher (ID, name, sex, tel, homeAddress) values ('tea174', '党洋刚', '男', 13377110301, '青海省,兴海县')
insert into teacher (ID, name, sex, tel, homeAddress) values ('tea175', '柳验', '女', 14446984878, '西藏自治区,察雅县')
insert into teacher (ID, name, sex, tel, homeAddress) values ('tea176', '慈粤畅', '男', 15302411236, '北京市,丰台区')
insert into teacher (ID, name, sex, tel, homeAddress) values ('tea177', '管声张', '男', 14564506077, '重庆市,璧山县')
insert into teacher (ID, name, sex, tel, homeAddress) values ('tea178', '单寒', '女', 15297566334, '青海省,海西蒙古族藏族自治州')
insert into teacher (ID, name, sex, tel, homeAddress) values ('tea179', '於端', '男', 13497174589, '河南省,南关区')
insert into teacher (ID, name, sex, tel, homeAddress) values ('tea180', '曹泳轲', '女', 14430141411, '浙江省,象山县')
insert into teacher (ID, name, sex, tel, homeAddress) values ('tea181', '仲湍', '女', 13170414182, '西藏自治区,错那县')
insert into teacher (ID, name, sex, tel, homeAddress) values ('tea182', '傅志煌', '女', 13177585831, '海南省,南沙群岛')
insert into teacher (ID, name, sex, tel, homeAddress) values ('tea183', '劳棋间', '男', 14194223090, '广西壮族自治区,武宣县')
insert into teacher (ID, name, sex, tel, homeAddress) values ('tea184', '韦允', '男', 15988292022, '福建省,仙游县')
insert into teacher (ID, name, sex, tel, homeAddress) values ('tea185', '岳眉G', '男', 13755358833, '天津市,天津市')
insert into teacher (ID, name, sex, tel, homeAddress) values ('tea186', '郁苹荣', '男', 14005512457, '辽宁省,清河门区')
insert into teacher (ID, name, sex, tel, homeAddress) values ('tea187', '施D聚', '男', 15185765894, '辽宁省,岫岩满族自治县')
insert into teacher (ID, name, sex, tel, homeAddress) values ('tea188', '萨磊赛', '男', 15887166685, '西藏自治区,班戈县')
insert into teacher (ID, name, sex, tel, homeAddress) values ('tea189', '冉璋', '女', 13494513398, '福建省,大田县')
insert into teacher (ID, name, sex, tel, homeAddress) values ('tea190', '习兹媛', '男', 15616249331, '福建省,建阳市')
insert into teacher (ID, name, sex, tel, homeAddress) values ('tea191', '鲜于满', '女', 13653476185, '北京市,大兴区')
insert into teacher (ID, name, sex, tel, homeAddress) values ('tea192', '游殊', '男', 15588084819, '广西壮族自治区,东兴市')
insert into teacher (ID, name, sex, tel, homeAddress) values ('tea193', '卢宋韩', '女', 14823416169, '重庆市,市辖区')
insert into teacher (ID, name, sex, tel, homeAddress) values ('tea194', '曲怀莫', '男', 15524349555, '新疆维吾尔自治区,伊宁县')
insert into teacher (ID, name, sex, tel, homeAddress) values ('tea195', '和昱璇', '女', 13739261453, '福建省,马尾区')
insert into teacher (ID, name, sex, tel, homeAddress) values ('tea196', '齐娘嗜', '男', 13966911303, '安徽省,固镇县')
insert into teacher (ID, name, sex, tel, homeAddress) values ('tea197', '瓦平王', '男', 14690669542, '黑龙江省,逊克县')
insert into teacher (ID, name, sex, tel, homeAddress) values ('tea198', '窦千', '男', 14014765720, '青海省,湟中县')
insert into teacher (ID, name, sex, tel, homeAddress) values ('tea199', '相荟煊', '男', 15521018656, '新疆维吾尔自治区,尼勒克县')
insert into class (id, master, classRome, code) values ('CLA-1000', null, 'rYvAwXIcJGnilUQubmgnDHiwUxVRvFfDq', 'WH10000')
insert into class (id, master, classRome, code) values ('CLA-1001', null, 'xdpAKNnaJQeJZBYgKKGSzIaqEFAOtgA', 'WH10001')
insert into class (id, master, classRome, code) values ('CLA-1002', null, 'dbOrtRhriUmsKpCaivLYiFitUQfhYAqNuCvwQW', 'WH10002')
insert into class (id, master, classRome, code) values ('CLA-1003', null, 'smBCmQVVgZUBYdSHjANvkqLzRSazwVVXig', 'WH10003')
insert into class (id, master, classRome, code) values ('CLA-1004', null, 'RiCKamhFditqPmHQQgwiAzARJRHKVHbG', 'WH10004')
insert into class (id, master, classRome, code) values ('CLA-1005', null, 'kXSGYeqNcxAKpbutIqHRPFqYantiCYn', 'WH10005')
insert into class (id, master, classRome, code) values ('CLA-1006', null, 'OJgOApwCiQPSidcmgKWAoIrgytLPZyqHPQXDhLj', 'WH10006')
insert into class (id, master, classRome, code) values ('CLA-1007', null, 'jxavTPzFiBDnsFiDDiBuMW', 'WH10007')
insert into class (id, master, classRome, code) values ('CLA-1008', null, 'JWcNPoKEiiRCDGLCkjxkUJSprHeASHjZyl', 'WH10008')
insert into class (id, master, classRome, code) values ('CLA-1009', null, 'iMVOtNrqisjheYpfNrTPGUeIpVqm', 'WH10009')
insert into class (id, master, classRome, code) values ('CLA-1010', null, 'KubttYcEzccsblDlAwiUImJezVDckXmju', 'WH10010')
insert into class (id, master, classRome, code) values ('CLA-1011', null, 'PjArSFNtHKRqBNnckfTIrZDT', 'WH10011')
insert into class (id, master, classRome, code) values ('CLA-1012', null, 'iRavqYbAXcAbGzhTXLgZINNqPBVqJSVKIqepQ', 'WH10012')
insert into class (id, master, classRome, code) values ('CLA-1013', null, 'NCNlqOJohOQXcSyDnNuOLvlxNGGy', 'WH10013')
insert into class (id, master, classRome, code) values ('CLA-1014', null, 'LHpjwevdFodCbKTRHCaXYHIVHV', 'WH10014')
insert into class (id, master, classRome, code) values ('CLA-1015', null, 'HlIHxVUvlBkvWyUErEmAWCgAMchPjtJAVpoya', 'WH10015')
insert into class (id, master, classRome, code) values ('CLA-1016', null, 'RRdvOGckJCmeIrjWatYbLrRrRSfaVoMFqKvz', 'WH10016')
insert into class (id, master, classRome, code) values ('CLA-1017', null, 'sRSabYGDFdsDFtQbKWkMhvfOVscOSztLRz', 'WH10017')
insert into class (id, master, classRome, code) values ('CLA-1018', null, 'fzjTmKCbRjzUQEUOEbvpSy', 'WH10018')
insert into class (id, master, classRome, code) values ('CLA-1019', null, 'tRiekswodmBukSaGiyGulRlNAyJLQLdzbxwmA', 'WH10019')
insert into class (id, master, classRome, code) values ('CLA-1020', null, 'ZQFhAxGoVqynSMRqLRJwKul', 'WH10020')
insert into class (id, master, classRome, code) values ('CLA-1021', null, 'GodAqvxuWQtemRcCzkPWycVpdyfBzrBWy', 'WH10021')
insert into class (id, master, classRome, code) values ('CLA-1022', null, 'JUyqMDOcEHEgEbafBstqjTUYIX', 'WH10022')
insert into class (id, master, classRome, code) values ('CLA-1023', null, 'tUbGhFPHsuxhcaCQEILwdqVGMCLjCLVOh', 'WH10023')
insert into class (id, master, classRome, code) values ('CLA-1024', null, 'UZjvDilItAhGNPupuLMCkspoKMWdBHh', 'WH10024')
insert into class (id, master, classRome, code) values ('CLA-1025', null, 'cwaBCOkobPEAoiOuTEATBIPPAKSHMWePVTJJqz', 'WH10025')
insert into class (id, master, classRome, code) values ('CLA-1026', null, 'BbbtbGJjEHWLyCWuckGzJxxyrwicNk', 'WH10026')
insert into class (id, master, classRome, code) values ('CLA-1027', null, 'MoDELxHMyFdWvLtftMdzihQdLDnhDGLiI', 'WH10027')
insert into class (id, master, classRome, code) values ('CLA-1028', null, 'CKjTyJSYslrnUiHmTwAUBGxxKqND', 'WH10028')
insert into class (id, master, classRome, code) values ('CLA-1029', null, 'yGuzUMHVHdHELDwBHHZomtydrizMuyeSNosX', 'WH10029')
insert into class (id, master, classRome, code) values ('CLA-1030', null, 'rgcaZIPshuuNOogvxCfUjYcXhoRBMEaTHAyFNkr', 'WH10030')
insert into class (id, master, classRome, code) values ('CLA-1031', null, 'tFWTzVeWofEBOIUujPDDYqck', 'WH10031')
insert into class (id, master, classRome, code) values ('CLA-1032', null, 'aMMynghlGAilAMlMTlsGCTGpyMyRzZIFhV', 'WH10032')
insert into class (id, master, classRome, code) values ('CLA-1033', null, 'otgXSHIBsXiqMWovIyEUdykvymIVAgwIVwWH', 'WH10033')
insert into class (id, master, classRome, code) values ('CLA-1034', null, 'ekoDIMEImHWsnCLZQWDEbsrvXZ', 'WH10034')
insert into class (id, master, classRome, code) values ('CLA-1035', null, 'MTMxmWnEbEzhCiOubzAqoMfqupeBc', 'WH10035')
insert into class (id, master, classRome, code) values ('CLA-1036', null, 'iUmPLvNVTKrvtqWqUcUjYGAwyfhiP', 'WH10036')
insert into class (id, master, classRome, code) values ('CLA-1037', null, 'YmGFJYbHsmOeGGVzaWXHrmNBzG', 'WH10037')
insert into class (id, master, classRome, code) values ('CLA-1038', null, 'ptnllyjbkKjfZjvjKbtsVHdTWr', 'WH10038')
insert into class (id, master, classRome, code) values ('CLA-1039', null, 'EWjXsrZpSIUebaMfiygEsNgakw', 'WH10039')
insert into class (id, master, classRome, code) values ('CLA-1040', null, 'CuBZJMqoOfHtrtdCOYYetwkK', 'WH10040')
insert into class (id, master, classRome, code) values ('CLA-1041', null, 'CderbWdpVIoUuLnYGtQCsgv', 'WH10041')
insert into class (id, master, classRome, code) values ('CLA-1042', null, 'oUDvJyUDzjunoASfXpHcquvoznL', 'WH10042')
insert into class (id, master, classRome, code) values ('CLA-1043', null, 'LxfTXMhHWxsYMwRGWEyExv', 'WH10043')
insert into class (id, master, classRome, code) values ('CLA-1044', null, 'CJGCCERgIRgTIxFHfazEsgPyW', 'WH10044')
insert into class (id, master, classRome, code) values ('CLA-1045', null, 'QhfSSCglQAwwGNBmHeQvaKWYiDwlGXxylKAh', 'WH10045')
insert into class (id, master, classRome, code) values ('CLA-1046', null, 'zXpjyhNjFMicFIfsfxaDNdsVbiSCmhEtXmOV', 'WH10046')
insert into class (id, master, classRome, code) values ('CLA-1047', null, 'qJBOSkZbPYiNgwuxjxTRGds', 'WH10047')
insert into class (id, master, classRome, code) values ('CLA-1048', null, 'EoPOphWLEpPkcLwGaLKgEJOyWYgfqTEjZEDLU', 'WH10048')
insert into class (id, master, classRome, code) values ('CLA-1049', null, 'GXMoFSOtDxFpaTvVVDzqUlfsH', 'WH10049')
insert into class (id, master, classRome, code) values ('CLA-1050', null, 'uhjJFRqQZkUhXovKHkrdpZxFmTZGXyTz', 'WH10050')
insert into class (id, master, classRome, code) values ('CLA-1051', null, 'sCVyESbviShDspKdnndVNfATnyoUIVxXgfEKtn', 'WH10051')
insert into class (id, master, classRome, code) values ('CLA-1052', null, 'gEpNeSvunVrOINaLBEGlgKGynYXXsTN', 'WH10052')
insert into class (id, master, classRome, code) values ('CLA-1053', null, 'QbFKAtuEmhIYVoeawZUaMFwK', 'WH10053')
insert into class (id, master, classRome, code) values ('CLA-1054', null, 'chAwjxdVphFDZzlDiYLPQZNoNkLemii', 'WH10054')
insert into class (id, master, classRome, code) values ('CLA-1055', null, 'zsMJFoXXWuXfrdoWIoakVqKlKpGsEGHrd', 'WH10055')
insert into class (id, master, classRome, code) values ('CLA-1056', null, 'sVUDQvSwnrBvNepleAvhJI', 'WH10056')
insert into class (id, master, classRome, code) values ('CLA-1057', null, 'fqbDXzAoLpMVHRActxZDaZlOhiYdSAJ', 'WH10057')
insert into class (id, master, classRome, code) values ('CLA-1058', null, 'dEixTXMQVsDVBJNqpsGRAbD', 'WH10058')
insert into class (id, master, classRome, code) values ('CLA-1059', null, 'jtHuYvasYbTWblooUMvplnMSMIl', 'WH10059')
insert into class (id, master, classRome, code) values ('CLA-1060', null, 'PeknZcPuXNLXXDrkZJjHfK', 'WH10060')
insert into class (id, master, classRome, code) values ('CLA-1061', null, 'ONipHfDimsHgDOacyKfyFAaJ', 'WH10061')
insert into class (id, master, classRome, code) values ('CLA-1062', null, 'CftmiuUbWacZDIrHElorfJxCY', 'WH10062')
insert into class (id, master, classRome, code) values ('CLA-1063', null, 'pbhWNSRdTHpwswMvSPwQ', 'WH10063')
insert into class (id, master, classRome, code) values ('CLA-1064', null, 'LaxSukawoxIIKrxyksGXKAUiPiTMrvjAeTU', 'WH10064')
insert into class (id, master, classRome, code) values ('CLA-1065', null, 'CbxspBhlfgGbZgQFjPrHRW', 'WH10065')
insert into class (id, master, classRome, code) values ('CLA-1066', null, 'WxcCezONzqvcUKfYiPoMFRHkRbmY', 'WH10066')
insert into class (id, master, classRome, code) values ('CLA-1067', null, 'GmutJAxdwfWGlekLAxxNaEPBIPz', 'WH10067')
insert into class (id, master, classRome, code) values ('CLA-1068', null, 'eNGrXMnalOFVctqNBXymvwIMbvuTi', 'WH10068')
insert into class (id, master, classRome, code) values ('CLA-1069', null, 'xZMFKBKNwcEsCIFKMzzND', 'WH10069')
insert into class (id, master, classRome, code) values ('CLA-1070', null, 'bPxxWZEtPtdhZCoEeroRhZwTBFUBZHFvlwrLwd', 'WH10070')
insert into class (id, master, classRome, code) values ('CLA-1071', null, 'tYiBXyRUCCAiDorarOJZEXusEiOjCvWPBFG', 'WH10071')
insert into class (id, master, classRome, code) values ('CLA-1072', null, 'TzBETzgUWOkwkYbpmIZARozCJoOxTzlZYhCySxO', 'WH10072')
insert into class (id, master, classRome, code) values ('CLA-1073', null, 'HnlreVhPsTeJjqboqCummRK', 'WH10073')
insert into class (id, master, classRome, code) values ('CLA-1074', null, 'raBWWqXLDDVSMwVAoEelhVUuJ', 'WH10074')
insert into class (id, master, classRome, code) values ('CLA-1075', null, 'nIebQvIfAxizudXtogawNnijnuOg', 'WH10075')
insert into class (id, master, classRome, code) values ('CLA-1076', null, 'szlYcjLkFwAAoTKDjpOwqukzMK', 'WH10076')
insert into class (id, master, classRome, code) values ('CLA-1077', null, 'AAzbgFakKaGCXTbJZAHWgdTgCIPiWv', 'WH10077')
insert into class (id, master, classRome, code) values ('CLA-1078', null, 'pZyKnjXRFUYSfjRvXIsQaDQawyykxTBuNV', 'WH10078')
insert into class (id, master, classRome, code) values ('CLA-1079', null, 'qOupbjNfHspsbmZStqrvhQIdCoOFRAdEnJE', 'WH10079')
insert into class (id, master, classRome, code) values ('CLA-1080', null, 'zRxUIBmtetziftPywjgYfmmRvYtfJWSjVevvoX', 'WH10080')
insert into class (id, master, classRome, code) values ('CLA-1081', null, 'DXWyTVCteTQmUUzDosfSitJBsfVM', 'WH10081')
insert into class (id, master, classRome, code) values ('CLA-1082', null, 'UaSzuUNmFiNzsDVXbMCW', 'WH10082')
insert into class (id, master, classRome, code) values ('CLA-1083', null, 'jMAciRtFLlythtPdZqFBtqoadZcKdKDlDdsKQ', 'WH10083')
insert into class (id, master, classRome, code) values ('CLA-1084', null, 'IqVCKkvvrwmJBwutzOXWxUsygafdiqxUVMXtEp', 'WH10084')
insert into class (id, master, classRome, code) values ('CLA-1085', null, 'ObQeXZDZzoGAlsvXsHTazapHJTWsWdAN', 'WH10085')
insert into class (id, master, classRome, code) values ('CLA-1086', null, 'eHQkYyPnCqGacfBuGcbnze', 'WH10086')
insert into class (id, master, classRome, code) values ('CLA-1087', null, 'iltTTWsNauywTalgFTraFsZGHdKkiJ', 'WH10087')
insert into class (id, master, classRome, code) values ('CLA-1088', null, 'sDrvzhdHYpFrFSdotcijAAEjjYLhTVDlgfFK', 'WH10088')
insert into class (id, master, classRome, code) values ('CLA-1089', null, 'VVmBvfigfakASrkbgEeBwIVhltGgND', 'WH10089')
insert into class (id, master, classRome, code) values ('CLA-1090', null, 'wHwVMdJWFYwbbQroyqQVUp', 'WH10090')
insert into class (id, master, classRome, code) values ('CLA-1091', null, 'hsBIwHpKfqCgjuxkZgqlupOuTZmQFV', 'WH10091')
insert into class (id, master, classRome, code) values ('CLA-1092', null, 'lelaNDnUIMKwzocCRzyuNLg', 'WH10092')
insert into class (id, master, classRome, code) values ('CLA-1093', null, 'wVVsGYgRvVuSwPLmKQOnWqNEGMs', 'WH10093')
insert into class (id, master, classRome, code) values ('CLA-1094', null, 'UbfOYwwvGzKxMahsGsjgsZnSS', 'WH10094')
insert into class (id, master, classRome, code) values ('CLA-1095', null, 'sckmwjUaLldwmcSpohNPA', 'WH10095')
insert into class (id, master, classRome, code) values ('CLA-1096', null, 'RUXKfdLwiOHpHjgGDyNniZgubQMizIF', 'WH10096')
insert into class (id, master, classRome, code) values ('CLA-1097', null, 'TGbtDXKQsuskRUSdhqcMJDsEnhey', 'WH10097')
insert into class (id, master, classRome, code) values ('CLA-1098', null, 'oWkrSOMpkbroryZnXgGh', 'WH10098')
insert into class (id, master, classRome, code) values ('CLA-1099', null, 'gAKuvzLNAtHifRYeLNujcNJSzbA', 'WH10099')
insert into student (no, name, sex, age, tel, birthday, classId, homeAddress, count, createTime) values ('BD-WH10042:田逵葵', '田逵葵', '男', 29, 13788295581, '1985-10-03', 'CLA-1042', '山西省,灵丘县', 854, getdate())
insert into student (no, name, sex, age, tel, birthday, classId, homeAddress, count, createTime) values ('BD-WH10076:韶烁淮', '韶烁淮', '女', 25, null, '1985-04-01', 'CLA-1076', '广东省,江城区', 893, getdate())
insert into student (no, name, sex, age, tel, birthday, classId, homeAddress, count, createTime) values ('BD-WH10010:向慎逸', '向慎逸', '女', 22, 15968376227, '1985-03-10', 'CLA-1010', '甘肃省,漳县', 870, getdate())
insert into student (no, name, sex, age, tel, birthday, classId, homeAddress, count, createTime) values ('BD-WH10042:阿龙作', '阿龙作', '女', 20, null, '1987-07-24', 'CLA-1042', '广西壮族自治区,乐业县', 835, getdate())
insert into student (no, name, sex, age, tel, birthday, classId, homeAddress, count, createTime) values ('BD-WH10060:率辉上', '率辉上', '男', 26, 14363496915, '1985-09-27', 'CLA-1060', '内蒙古自治区,武川县', 863, getdate())
insert into student (no, name, sex, age, tel, birthday, classId, homeAddress, count, createTime) values ('BD-WH10082:顾上旦', '顾上旦', '女', 22, null, '1986-01-29', 'CLA-1082', '西藏自治区,亚东县', 876, getdate())
insert into student (no, name, sex, age, tel, birthday, classId, homeAddress, count, createTime) values ('BD-WH10056:旦添首', '旦添首', '男', 23, null, '1986-12-29', 'CLA-1056', '浙江省,衢州市', 817, getdate())
insert into student (no, name, sex, age, tel, birthday, classId, homeAddress, count, createTime) values ('BD-WH10037:郑早', '郑早', '女', 20, null, '1984-11-20', 'CLA-1037', '湖北省,孝南区', 824, getdate())
insert into student (no, name, sex, age, tel, birthday, classId, homeAddress, count, createTime) values ('BD-WH10066:扬璞帆', '扬璞帆', '男', 23, 14831556472, '1986-10-01', 'CLA-1066', '重庆市,奉节县', 823, getdate())
insert into student (no, name, sex, age, tel, birthday, classId, homeAddress, count, createTime) values ('BD-WH10008:毕晋', '毕晋', '男', 26, null, '1986-08-01', 'CLA-1008', '安徽省,铜陵市', 837, getdate())
insert into student (no, name, sex, age, tel, birthday, classId, homeAddress, count, createTime) values ('BD-WH10005:项开演', '项开演', '男', 27, null, '1987-01-04', 'CLA-1005', '海南省,万宁市', 805, getdate())
insert into student (no, name, sex, age, tel, birthday, classId, homeAddress, count, createTime) values ('BD-WH10030:孟务霖', '孟务霖', '女', 20, null, '1984-11-10', 'CLA-1030', '内蒙古自治区,市辖区', 844, getdate())
insert into student (no, name, sex, age, tel, birthday, classId, homeAddress, count, createTime) values ('BD-WH10053:旦斓', '旦斓', '女', 27, null, '1987-06-01', 'CLA-1053', '浙江省,舟山市', 803, getdate())
insert into student (no, name, sex, age, tel, birthday, classId, homeAddress, count, createTime) values ('BD-WH10000:朱f武', '朱f武', '男', 24, null, '1987-07-22', 'CLA-1000', '云南省,兰坪白族普米族自治县', 861, getdate())
insert into student (no, name, sex, age, tel, birthday, classId, homeAddress, count, createTime) values ('BD-WH10094:虞盛迓', '虞盛迓', '男', 21, null, '1986-12-28', 'CLA-1094', '辽宁省,新城子区', 870, getdate())
insert into student (no, name, sex, age, tel, birthday, classId, homeAddress, count, createTime) values ('BD-WH10054:荀伏', '荀伏', '女', 20, 13511701970, '1986-05-25', 'CLA-1054', '台湾省,台湾省', 842, getdate())
insert into student (no, name, sex, age, tel, birthday, classId, homeAddress, count, createTime) values ('BD-WH10020:简秉左', '简秉左', '女', 21, null, '1985-08-16', 'CLA-1020', '内蒙古自治区,科尔沁右翼前旗', 813, getdate())
insert into student (no, name, sex, age, tel, birthday, classId, homeAddress, count, createTime) values ('BD-WH10076:鄢苏', '鄢苏', '女', 28, 15370542226, '1984-10-26', 'CLA-1076', '辽宁省,营口市', 899, getdate())
insert into student (no, name, sex, age, tel, birthday, classId, homeAddress, count, createTime) values ('BD-WH10030:习芝翠', '习芝翠', '女', 25, 15080464630, '1987-06-16', 'CLA-1030', '广东省,丰顺县', 843, getdate())
insert into student (no, name, sex, age, tel, birthday, classId, homeAddress, count, createTime) values ('BD-WH10048:利助N', '利助N', '男', 28, 15830074723, '1986-03-18', 'CLA-1048', '山东省,即墨市', 859, getdate())
insert into student (no, name, sex, age, tel, birthday, classId, homeAddress, count, createTime) values ('BD-WH10084:仕炳', '仕炳', '女', 22, null, '1986-07-25', 'CLA-1084', '西藏自治区,噶尔县', 880, getdate())
insert into student (no, name, sex, age, tel, birthday, classId, homeAddress, count, createTime) values ('BD-WH10018:迟王程', '迟王程', '女', 28, null, '1985-06-24', 'CLA-1018', '浙江省,舟山市', 843, getdate())
insert into student (no, name, sex, age, tel, birthday, classId, homeAddress, count, createTime) values ('BD-WH10032:郑恭虎', '郑恭虎', '男', 23, 14265922231, '1987-06-29', 'CLA-1032', '河北省,宁晋县', 892, getdate())
insert into student (no, name, sex, age, tel, birthday, classId, homeAddress, count, createTime) values ('BD-WH10090:柳鸽远', '柳鸽远', '男', 28, 15461254434, '1985-01-01', 'CLA-1090', '甘肃省,静宁县', 878, getdate())
insert into student (no, name, sex, age, tel, birthday, classId, homeAddress, count, createTime) values ('BD-WH10068:安敏', '安敏', '女', 29, 13255983248, '1985-04-21', 'CLA-1068', '浙江省,兰溪市', 852, getdate())
insert into student (no, name, sex, age, tel, birthday, classId, homeAddress, count, createTime) values ('BD-WH10012:刁灿', '刁灿', '女', 27, null, '1985-08-09', 'CLA-1012', '湖北省,南漳县', 831, getdate())
insert into student (no, name, sex, age, tel, birthday, classId, homeAddress, count, createTime) values ('BD-WH10028:房居绳', '房居绳', '女', 24, null, '1984-11-27', 'CLA-1028', '浙江省,安吉县', 808, getdate())
insert into student (no, name, sex, age, tel, birthday, classId, homeAddress, count, createTime) values ('BD-WH10059:雷邵格', '雷邵格', '女', 24, 15821411027, '1985-07-12', 'CLA-1059', '安徽省,庐江县', 869, getdate())
insert into student (no, name, sex, age, tel, birthday, classId, homeAddress, count, createTime) values ('BD-WH10046:萨渊璋', '萨渊璋', '女', 20, 15251493618, '1986-12-18', 'CLA-1046', '北京市,西城区', 826, getdate())
insert into student (no, name, sex, age, tel, birthday, classId, homeAddress, count, createTime) values ('BD-WH10044:乾宸芝', '乾宸芝', '女', 24, 15925550034, '1985-02-18', 'CLA-1044', '广西壮族自治区,永福县', 894, getdate())
insert into student (no, name, sex, age, tel, birthday, classId, homeAddress, count, createTime) values ('BD-WH10009:余前瞬', '余前瞬', '男', 23, 15817393257, '1987-02-19', 'CLA-1009', '甘肃省,临夏市', 810, getdate())
insert into student (no, name, sex, age, tel, birthday, classId, homeAddress, count, createTime) values ('BD-WH10090:江交学', '江交学', '女', 27, 14393487735, '1987-06-14', 'CLA-1090', '广东省,廉江市', 896, getdate())
insert into student (no, name, sex, age, tel, birthday, classId, homeAddress, count, createTime) values ('BD-WH10069:成娟淮', '成娟淮', '男', 26, 13354078384, '1987-06-21', 'CLA-1069', '青海省,河南蒙古族自治县', 821, getdate())
insert into student (no, name, sex, age, tel, birthday, classId, homeAddress, count, createTime) values ('BD-WH10004:成如村', '成如村', '女', 27, 13733889511, '1985-01-09', 'CLA-1004', '吉林省,梅河口市', 869, getdate())
insert into student (no, name, sex, age, tel, birthday, classId, homeAddress, count, createTime) values ('BD-WH10093:童美栋', '童美栋', '男', 28, null, '1986-12-26', 'CLA-1093', '重庆市,酉阳土家族苗族自治县', 822, getdate())
insert into student (no, name, sex, age, tel, birthday, classId, homeAddress, count, createTime) values ('BD-WH10070:那巴', '那巴', '男', 20, 13552413336, '1987-02-20', 'CLA-1070', '台湾省,台湾省', 893, getdate())
insert into student (no, name, sex, age, tel, birthday, classId, homeAddress, count, createTime) values ('BD-WH10080:宋昵', '宋昵', '男', 24, 15111213504, '1987-07-23', 'CLA-1080', '吉林省,永吉县', 869, getdate())
insert into student (no, name, sex, age, tel, birthday, classId, homeAddress, count, createTime) values ('BD-WH10031:楚涯蔚', '楚涯蔚', '女', 27, null, '1986-01-30', 'CLA-1031', '北京市,房山区', 837, getdate())
insert into student (no, name, sex, age, tel, birthday, classId, homeAddress, count, createTime) values ('BD-WH10077:向生振', '向生振', '女', 25, null, '1985-10-01', 'CLA-1077', '海南省,临高县', 858, getdate())
insert into student (no, name, sex, age, tel, birthday, classId, homeAddress, count, createTime) values ('BD-WH10049:甘曼间', '甘曼间', '女', 26, 14644488287, '1987-05-24', 'CLA-1049', '西藏自治区,南木林县', 831, getdate())
insert into student (no, name, sex, age, tel, birthday, classId, homeAddress, count, createTime) values ('BD-WH10030:仕柏婧', '仕柏婧', '男', 24, null, '1986-05-27', 'CLA-1030', '辽宁省,太平区', 821, getdate())
insert into student (no, name, sex, age, tel, birthday, classId, homeAddress, count, createTime) values ('BD-WH10080:衡虔孩', '衡虔孩', '女', 21, 15401874092, '1985-07-08', 'CLA-1080', '新疆维吾尔自治区,南山矿区', 841, getdate())
insert into student (no, name, sex, age, tel, birthday, classId, homeAddress, count, createTime) values ('BD-WH10079:修仕', '修仕', '女', 22, 14802959371, '1986-06-07', 'CLA-1079', '内蒙古自治区,根河市', 851, getdate())
insert into student (no, name, sex, age, tel, birthday, classId, homeAddress, count, createTime) values ('BD-WH10002:季莺流', '季莺流', '男', 29, null, '1987-04-07', 'CLA-1002', '重庆市,铜梁县', 825, getdate())
insert into student (no, name, sex, age, tel, birthday, classId, homeAddress, count, createTime) values ('BD-WH10074:旷稳蕙', '旷稳蕙', '女', 27, 13677598598, '1984-11-16', 'CLA-1074', '浙江省,桐庐县', 850, getdate())
insert into student (no, name, sex, age, tel, birthday, classId, homeAddress, count, createTime) values ('BD-WH10014:柴石', '柴石', '女', 27, 14689038506, '1986-12-19', 'CLA-1014', '浙江省,江北区', 892, getdate())
insert into student (no, name, sex, age, tel, birthday, classId, homeAddress, count, createTime) values ('BD-WH10033:海冬述', '海冬述', '男', 21, null, '1985-09-22', 'CLA-1033', '四川省,白玉县', 854, getdate())
insert into student (no, name, sex, age, tel, birthday, classId, homeAddress, count, createTime) values ('BD-WH10014:韦汪', '韦汪', '女', 28, null, '1987-04-19', 'CLA-1014', '内蒙古自治区,兴安盟', 814, getdate())
insert into student (no, name, sex, age, tel, birthday, classId, homeAddress, count, createTime) values ('BD-WH10017:单茗', '单茗', '男', 29, 14408816140, '1987-05-14', 'CLA-1017', '内蒙古自治区,昆都伦区', 893, getdate())
insert into student (no, name, sex, age, tel, birthday, classId, homeAddress, count, createTime) values ('BD-WH10023:尹[', '尹[', '男', 25, 15457041355, '1986-07-03', 'CLA-1023', '山西省,静乐县', 800, getdate())
insert into student (no, name, sex, age, tel, birthday, classId, homeAddress, count, createTime) values ('BD-WH10040:朗锟 ', '朗锟 ', '女', 23, null, '1986-04-12', 'CLA-1040', '河北省,广宗县', 804, getdate())
insert into student (no, name, sex, age, tel, birthday, classId, homeAddress, count, createTime) values ('BD-WH10041:师教古', '师教古', '男', 27, 15482172828, '1985-10-26', 'CLA-1041', '上海市,杨浦区', 822, getdate())
insert into student (no, name, sex, age, tel, birthday, classId, homeAddress, count, createTime) values ('BD-WH10054:瞿聪榀', '瞿聪榀', '男', 29, null, '1986-02-04', 'CLA-1054', '重庆市,万州区', 889, getdate())
insert into student (no, name, sex, age, tel, birthday, classId, homeAddress, count, createTime) values ('BD-WH10033:轩絮', '轩絮', '男', 23, null, '1984-11-25', 'CLA-1033', '云南省,文山县', 809, getdate())
insert into student (no, name, sex, age, tel, birthday, classId, homeAddress, count, createTime) values ('BD-WH10010:薄绒辅', '薄绒辅', '男', 21, 13885901990, '1984-10-17', 'CLA-1010', '黑龙江省,红岗区', 800, getdate())
insert into student (no, name, sex, age, tel, birthday, classId, homeAddress, count, createTime) values ('BD-WH10000:刘磊鲤', '刘磊鲤', '女', 29, 15609376754, '1986-11-10', 'CLA-1000', '湖北省,黄石市', 871, getdate())
insert into student (no, name, sex, age, tel, birthday, classId, homeAddress, count, createTime) values ('BD-WH10022:连席', '连席', '女', 25, null, '1985-10-22', 'CLA-1022', '陕西省,商南县', 808, getdate())
insert into student (no, name, sex, age, tel, birthday, classId, homeAddress, count, createTime) values ('BD-WH10060:关旷赫', '关旷赫', '男', 21, null, '1987-07-06', 'CLA-1060', '江西省,广丰县', 822, getdate())
insert into student (no, name, sex, age, tel, birthday, classId, homeAddress, count, createTime) values ('BD-WH10003:晁原', '晁原', '男', 26, null, '1986-02-01', 'CLA-1003', '上海市,青浦区', 827, getdate())
insert into student (no, name, sex, age, tel, birthday, classId, homeAddress, count, createTime) values ('BD-WH10077:凤皇迪', '凤皇迪', '女', 27, null, '1985-01-17', 'CLA-1077', '广西壮族自治区,融水苗族自治县', 892, getdate())
insert into student (no, name, sex, age, tel, birthday, classId, homeAddress, count, createTime) values ('BD-WH10058:岳霖中', '岳霖中', '男', 21, 15862898230, '1986-01-11', 'CLA-1058', '北京市,顺义区', 860, getdate())
insert into student (no, name, sex, age, tel, birthday, classId, homeAddress, count, createTime) values ('BD-WH10022:宣左', '宣左', '女', 25, 15105106542, '1985-07-10', 'CLA-1022', '台湾省,台湾省', 854, getdate())
insert into student (no, name, sex, age, tel, birthday, classId, homeAddress, count, createTime) values ('BD-WH10088:仝玩伯', '仝玩伯', '男', 26, 15437239248, '1985-04-28', 'CLA-1088', '云南省,永胜县', 852, getdate())
insert into student (no, name, sex, age, tel, birthday, classId, homeAddress, count, createTime) values ('BD-WH10039:陆姗岫', '陆姗岫', '女', 29, null, '1985-07-15', 'CLA-1039', '黑龙江省,穆棱市', 826, getdate())
insert into student (no, name, sex, age, tel, birthday, classId, homeAddress, count, createTime) values ('BD-WH10092:毕活', '毕活', '女', 24, null, '1985-07-04', 'CLA-1092', '山东省,桓台县', 873, getdate())
insert into student (no, name, sex, age, tel, birthday, classId, homeAddress, count, createTime) values ('BD-WH10058:钱田', '钱田', '女', 21, null, '1985-03-01', 'CLA-1058', '辽宁省,龙城区', 888, getdate())
insert into student (no, name, sex, age, tel, birthday, classId, homeAddress, count, createTime) values ('BD-WH10081:成足岽', '成足岽', '男', 28, null, '1984-10-29', 'CLA-1081', '江西省,万载县', 827, getdate())
insert into student (no, name, sex, age, tel, birthday, classId, homeAddress, count, createTime) values ('BD-WH10013:崔D社', '崔D社', '女', 27, 13887151001, '1984-10-12', 'CLA-1013', '河北省,灵寿县', 817, getdate())
insert into student (no, name, sex, age, tel, birthday, classId, homeAddress, count, createTime) values ('BD-WH10070:穆眉尚', '穆眉尚', '女', 23, null, '1986-02-26', 'CLA-1070', '江西省,章贡区', 856, getdate())
insert into student (no, name, sex, age, tel, birthday, classId, homeAddress, count, createTime) values ('BD-WH10023:裘宓', '裘宓', '女', 29, 14051846606, '1986-10-14', 'CLA-1023', '山西省,长治市', 808, getdate())
insert into student (no, name, sex, age, tel, birthday, classId, homeAddress, count, createTime) values ('BD-WH10020:彭榕璨', '彭榕璨', '男', 25, null, '1987-05-22', 'CLA-1020', '上海市,奉贤区', 869, getdate())
insert into student (no, name, sex, age, tel, birthday, classId, homeAddress, count, createTime) values ('BD-WH10088:翁润改', '翁润改', '女', 20, 14909389313, '1984-11-09', 'CLA-1088', '贵州省,三穗县', 815, getdate())
insert into student (no, name, sex, age, tel, birthday, classId, homeAddress, count, createTime) values ('BD-WH10052:戚琛', '戚琛', '女', 26, 13626534945, '1987-08-01', 'CLA-1052', '吉林省,东辽县', 826, getdate())
insert into student (no, name, sex, age, tel, birthday, classId, homeAddress, count, createTime) values ('BD-WH10084:钦四百', '钦四百', '女', 28, null, '1985-08-18', 'CLA-1084', '天津市,宁河县', 826, getdate())
insert into student (no, name, sex, age, tel, birthday, classId, homeAddress, count, createTime) values ('BD-WH10030:慕达稀', '慕达稀', '女', 24, 14421954919, '1986-11-25', 'CLA-1030', '江苏省,镇江市', 852, getdate())
insert into student (no, name, sex, age, tel, birthday, classId, homeAddress, count, createTime) values ('BD-WH10038:阮朋绪', '阮朋绪', '男', 23, 15781352880, '1986-03-10', 'CLA-1038', '西藏自治区,浪卡子县', 863, getdate())
insert into student (no, name, sex, age, tel, birthday, classId, homeAddress, count, createTime) values ('BD-WH10013:隋良唯', '隋良唯', '女', 29, 13727828884, '1986-05-27', 'CLA-1013', '湖南省,安仁县', 843, getdate())
insert into student (no, name, sex, age, tel, birthday, classId, homeAddress, count, createTime) values ('BD-WH10076:辛继', '辛继', '男', 29, null, '1987-08-06', 'CLA-1076', '山西省,长子县', 802, getdate())
insert into student (no, name, sex, age, tel, birthday, classId, homeAddress, count, createTime) values ('BD-WH10015:赵圆侣', '赵圆侣', '女', 29, 15441148164, '1985-05-26', 'CLA-1015', '海南省,琼山区', 865, getdate())
insert into student (no, name, sex, age, tel, birthday, classId, homeAddress, count, createTime) values ('BD-WH10022:柏冯策', '柏冯策', '男', 28, null, '1985-09-25', 'CLA-1022', '北京市,通州区', 899, getdate())
insert into student (no, name, sex, age, tel, birthday, classId, homeAddress, count, createTime) values ('BD-WH10070:强和', '强和', '男', 29, null, '1985-10-28', 'CLA-1070', '安徽省,淮北市', 885, getdate())
insert into student (no, name, sex, age, tel, birthday, classId, homeAddress, count, createTime) values ('BD-WH10070:符峰钢', '符峰钢', '女', 21, 14638890110, '1985-07-30', 'CLA-1070', '西藏自治区,洛扎县', 868, getdate())
insert into student (no, name, sex, age, tel, birthday, classId, homeAddress, count, createTime) values ('BD-WH10066:简珩侦', '简珩侦', '男', 27, 14247632197, '1985-07-19', 'CLA-1066', '贵州省,黔东南苗族侗族自治州', 817, getdate())
insert into student (no, name, sex, age, tel, birthday, classId, homeAddress, count, createTime) values ('BD-WH10050:龙太', '龙太', '女', 25, null, '1987-02-01', 'CLA-1050', '上海市,上海市', 814, getdate())
insert into student (no, name, sex, age, tel, birthday, classId, homeAddress, count, createTime) values ('BD-WH10091:乐核峙', '乐核峙', '男', 26, 15919818850, '1985-06-23', 'CLA-1091', '广东省,增城市', 828, getdate())
insert into student (no, name, sex, age, tel, birthday, classId, homeAddress, count, createTime) values ('BD-WH10094:蒋豪祖', '蒋豪祖', '女', 22, null, '1985-01-21', 'CLA-1094', '四川省,叙永县', 860, getdate())
insert into student (no, name, sex, age, tel, birthday, classId, homeAddress, count, createTime) values ('BD-WH10049:祖薇俦', '祖薇俦', '男', 28, null, '1987-04-18', 'CLA-1049', '湖北省,荆州市', 899, getdate())
insert into student (no, name, sex, age, tel, birthday, classId, homeAddress, count, createTime) values ('BD-WH10047:曲窕湘', '曲窕湘', '女', 23, 13266654659, '1987-02-15', 'CLA-1047', '上海市,青浦区', 827, getdate())
insert into student (no, name, sex, age, tel, birthday, classId, homeAddress, count, createTime) values ('BD-WH10065:梁侠巨', '梁侠巨', '男', 24, 13141337369, '1984-09-18', 'CLA-1065', '河北省,山海关区', 859, getdate())
insert into student (no, name, sex, age, tel, birthday, classId, homeAddress, count, createTime) values ('BD-WH10019:相沐粲', '相沐粲', '男', 25, 15311248762, '1985-10-29', 'CLA-1019', '青海省,杂多县', 883, getdate())
insert into student (no, name, sex, age, tel, birthday, classId, homeAddress, count, createTime) values ('BD-WH10063:喻豹庆', '喻豹庆', '女', 23, null, '1986-01-21', 'CLA-1063', '青海省,平安县', 831, getdate())
insert into student (no, name, sex, age, tel, birthday, classId, homeAddress, count, createTime) values ('BD-WH10023:旋浩路', '旋浩路', '女', 27, 15315060717, '1986-02-16', 'CLA-1023', '黑龙江省,南岔区', 826, getdate())
insert into student (no, name, sex, age, tel, birthday, classId, homeAddress, count, createTime) values ('BD-WH10066:霍榧', '霍榧', '男', 23, 13762093387, '1985-01-22', 'CLA-1066', '上海市,市辖区', 830, getdate())
insert into student (no, name, sex, age, tel, birthday, classId, homeAddress, count, createTime) values ('BD-WH10057:卓志令', '卓志令', '女', 22, null, '1986-03-10', 'CLA-1057', '江西省,临川市', 815, getdate())
insert into student (no, name, sex, age, tel, birthday, classId, homeAddress, count, createTime) values ('BD-WH10056:亓奇', '亓奇', '女', 27, null, '1985-12-04', 'CLA-1056', '安徽省,泾县', 871, getdate())
insert into student (no, name, sex, age, tel, birthday, classId, homeAddress, count, createTime) values ('BD-WH10074:蹇颢百', '蹇颢百', '女', 27, 14311505403, '1985-12-22', 'CLA-1074', '陕西省,柞水县', 804, getdate())
insert into student (no, name, sex, age, tel, birthday, classId, homeAddress, count, createTime) values ('BD-WH10060:随演', '随演', '女', 21, 15118839494, '1985-08-16', 'CLA-1060', '山东省,潍坊市', 849, getdate())
insert into student (no, name, sex, age, tel, birthday, classId, homeAddress, count, createTime) values ('BD-WH10005:曾诚微', '曾诚微', '女', 26, null, '1986-06-26', 'CLA-1005', '江西省,上饶县', 813, getdate())
insert into student (no, name, sex, age, tel, birthday, classId, homeAddress, count, createTime) values ('BD-WH10060:屈盟礼', '屈盟礼', '男', 29, null, '1985-07-01', 'CLA-1060', '安徽省,颖东区', 803, getdate())
insert into student (no, name, sex, age, tel, birthday, classId, homeAddress, count, createTime) values ('BD-WH10056:胡晓璇', '胡晓璇', '女', 27, null, '1985-09-02', 'CLA-1056', '甘肃省,碌曲县', 813, getdate())
insert into student (no, name, sex, age, tel, birthday, classId, homeAddress, count, createTime) values ('BD-WH10017:沃砾', '沃砾', '男', 27, 15478062015, '1986-08-11', 'CLA-1017', '陕西省,黄陵县', 830, getdate())
insert into student (no, name, sex, age, tel, birthday, classId, homeAddress, count, createTime) values ('BD-WH10021:户咸原', '户咸原', '男', 21, null, '1984-08-22', 'CLA-1021', '吉林省,丰满区', 804, getdate())
insert into student (no, name, sex, age, tel, birthday, classId, homeAddress, count, createTime) values ('BD-WH10055:柯司庭', '柯司庭', '男', 25, null, '1985-01-14', 'CLA-1055', '山西省,大宁县', 836, getdate())
insert into student (no, name, sex, age, tel, birthday, classId, homeAddress, count, createTime) values ('BD-WH10041:鲁绪娥', '鲁绪娥', '女', 22, 13900197272, '1986-11-22', 'CLA-1041', '宁夏回族自治区,西吉县', 862, getdate())
insert into student (no, name, sex, age, tel, birthday, classId, homeAddress, count, createTime) values ('BD-WH10005:宿四茗', '宿四茗', '女', 28, null, '1985-11-26', 'CLA-1005', '山东省,巨野县', 886, getdate())
insert into student (no, name, sex, age, tel, birthday, classId, homeAddress, count, createTime) values ('BD-WH10038:阚鳌腾', '阚鳌腾', '男', 27, null, '1984-11-10', 'CLA-1038', '贵州省,台江县', 876, getdate())
insert into student (no, name, sex, age, tel, birthday, classId, homeAddress, count, createTime) values ('BD-WH10004:丁千', '丁千', '女', 26, null, '1984-09-01', 'CLA-1004', '山西省,临汾市', 893, getdate())
insert into student (no, name, sex, age, tel, birthday, classId, homeAddress, count, createTime) values ('BD-WH10023:花娅则', '花娅则', '女', 24, 15519362256, '1985-06-13', 'CLA-1023', '新疆维吾尔自治区,和静县', 877, getdate())
insert into student (no, name, sex, age, tel, birthday, classId, homeAddress, count, createTime) values ('BD-WH10017:江鳌肖', '江鳌肖', '男', 21, 13302084705, '1985-02-06', 'CLA-1017', '湖南省,衡阳市', 856, getdate())
insert into student (no, name, sex, age, tel, birthday, classId, homeAddress, count, createTime) values ('BD-WH10081:刑繁', '刑繁', '女', 26, 13337127850, '1987-03-05', 'CLA-1081', '重庆市,垫江县', 821, getdate())
insert into student (no, name, sex, age, tel, birthday, classId, homeAddress, count, createTime) values ('BD-WH10061:杨正燥', '杨正燥', '女', 29, null, '1985-05-06', 'CLA-1061', '宁夏回族自治区,中宁县', 816, getdate())
