<?xml version="1.0" encoding="utf-8"?>

<table name="student" closeIdAutoInsert="false" count="111" onError="ignore"> 
  <column name="no" ref="no" isPK="true"/>  
  <column name="name" ref="name" isPK="false"/>  
  <column name="sex" ref="sex" isPK="false"/>  
  <column name="age" ref="age" isPK="false"/>  
  <column name="tel" ref="tel" isPK="false"/>  
  <column name="birthday" ref="birthday" isPK="false"/>  
  <column name="classId" ref="class4student.id" isPK="false"/>  
  <column name="homeAddress" ref="homeAddress" isPK="false"/>  
  <column name="count" ref="count" isPK="false"/>  
  <column name="createTime" ref="createTime" isPK="false"/>  
  <roles> 
    <role name="age" type="java.lang.Integer" method="random" distinctCount="0" min="20" max="30" nullPercent="0.0"/>  
    <role name="birthday" type="java.sql.Date" method="random" distinctCount="0" min="1984-08-08 00-00-00" max="1987-08-08 00-00-00" nullPercent="0.0"/>  
    <role name="class4student" type="java.lang.Object" method="sqlquery" distinctCount="0" nullPercent="0.0"> 
      <sql sourceName="Default">select id from class</sql> 
    </role>  
    <role name="count" type="java.lang.Integer" method="random" distinctCount="0" min="800" max="900" nullPercent="0.0"/>  
    <role name="createTime" type="java.sql.Date" method="sqlfunc" distinctCount="0" min="1970-01-01 08-00-00" max="1970-01-01 08-00-00" nullPercent="0.0"> 
      <sql>getdate()</sql> 
    </role>  
    <role name="homeAddress" type="resources.datatype.address.ChinaAddress" method="random" distinctCount="0" nullPercent="0.0"/>  
    <role name="name" type="resources.datatype.ChineseName" method="random" distinctCount="0" nullPercent="0.0"/>  
    <role name="no" type="java.lang.Object" method="java" distinctCount="0" prefix="BD-" nullPercent="0.0" suffix="">
      <javaCode returnType="simpleObj">package com.testDataBuilder.core.role;&amp;#xD;&amp;#xA;import java.sql.SQLException;&amp;#xD;&amp;#xA;import com.testDataBuilder.core.role.*;&amp;#xD;&amp;#xA;import com.testDataBuilder.config.*;&amp;#xD;&amp;#xA;import com.testDataBuilder.exception.BaseException;&amp;#xD;&amp;#xA;&amp;#xD;&amp;#xA;/**&amp;#xD;&amp;#xA; * 高级规则支持。&amp;#xD;&amp;#xA; */&amp;#xD;&amp;#xA;public class JavaRoleEx extends JavaRole {&amp;#xD;&amp;#xA;&amp;#xD;&amp;#xA;&amp;#x9;/**&amp;#xD;&amp;#xA;&amp;#x9; * 可以使用的方法有:&amp;#xD;&amp;#xA;&amp;#x9; * public Object getValue(String columnName) 获取其中一个字段的值（当前生成的值）&amp;#xD;&amp;#xA;&amp;#x9; * public TableConfig getReferencer(String ... fields )&amp;#xD;&amp;#xA;&amp;#x9; * 可以引用的成员有:tableConfig，表示当前规则对应的表（引用当前规则的表）&amp;#xD;&amp;#xA;&amp;#x9; * tableConfig 也可以使用函数 getValue,getReference&amp;#xD;&amp;#xA;&amp;#x9; * logger 可以写日志。&amp;#xD;&amp;#xA;&amp;#x9; * 关于返回值:如果返回类型选择的是简单,那么该方法应该返回Java的&amp;#xD;&amp;#xA;&amp;#x9; * 简单类型(如Integer,Long等)如果选择的返回类型为复合类型,&amp;#xD;&amp;#xA;&amp;#x9; * 应该返回ComplexObj,ComplexObj中的值是以key,value对出现的.&amp;#xD;&amp;#xA;&amp;#x9; * 你应当使用返回字段中的各值做为key.&amp;#xD;&amp;#xA;&amp;#x9; */&amp;#x9;&amp;#xD;&amp;#xA;&amp;#x9;@Override&amp;#xD;&amp;#xA;&amp;#x9;public Object getValueByJava()throws BaseException, SQLException{&amp;#xD;&amp;#xA;&amp;#x9;&amp;#x9;//code from here. put the return value to the complexObj use complexObj.addValue&amp;#xD;&amp;#xA;&amp;#x9;&amp;#x9;ComplexObj complexObj = new ComplexObj();&amp;#xD;&amp;#xA;&amp;#x9;&amp;#x9;TableConfig classTableConfig = this.getReferencer("classId");&amp;#xA;&amp;#x9;&amp;#x9;String code = (String)classTableConfig.getValue("code");&amp;#xA;&amp;#x9;&amp;#x9;String name = (String)this.getValue("name");&amp;#xA;&amp;#x9;&amp;#x9;&amp;#xA;&amp;#x9;&amp;#x9;//complexObj.addValue("returnFile1", value1);&amp;#xD;&amp;#xA;&amp;#x9;&amp;#x9;//complexObj.addValue("returnField2", value2);&amp;#xD;&amp;#xA;&amp;#x9;&amp;#x9;//return complexObj;&amp;#xD;&amp;#xA;&amp;#x9;&amp;#x9;return code + ":" + name;&amp;#xD;&amp;#xA;&amp;#x9;}&amp;#x9;&amp;#xD;&amp;#xA;}&amp;#xD;&amp;#xA;</javaCode>
      <javaCode returnType="simpleObj">package com.testDataBuilder.core.role;&amp;#xD;&amp;#xA;import java.sql.SQLException;&amp;#xD;&amp;#xA;import com.testDataBuilder.core.role.*;&amp;#xD;&amp;#xA;import com.testDataBuilder.config.*;&amp;#xD;&amp;#xA;import com.testDataBuilder.exception.BaseException;&amp;#xD;&amp;#xA;&amp;#xD;&amp;#xA;/**&amp;#xD;&amp;#xA; * 高级规则支持。&amp;#xD;&amp;#xA; */&amp;#xD;&amp;#xA;public class JavaRoleEx extends JavaRole {&amp;#xD;&amp;#xA;&amp;#xD;&amp;#xA;&amp;#x9;/**&amp;#xD;&amp;#xA;&amp;#x9; * 可以使用的方法有:&amp;#xD;&amp;#xA;&amp;#x9; * public Object getValue(String columnName) 获取其中一个字段的值（当前生成的值）&amp;#xD;&amp;#xA;&amp;#x9; * public TableConfig getReferencer(String ... fields )&amp;#xD;&amp;#xA;&amp;#x9; * 可以引用的成员有:tableConfig，表示当前规则对应的表（引用当前规则的表）&amp;#xD;&amp;#xA;&amp;#x9; * tableConfig 也可以使用函数 getValue,getReference&amp;#xD;&amp;#xA;&amp;#x9; * logger 可以写日志。&amp;#xD;&amp;#xA;&amp;#x9; * 关于返回值:如果返回类型选择的是简单,那么该方法应该返回Java的&amp;#xD;&amp;#xA;&amp;#x9; * 简单类型(如Integer,Long等)如果选择的返回类型为复合类型,&amp;#xD;&amp;#xA;&amp;#x9; * 应该返回ComplexObj,ComplexObj中的值是以key,value对出现的.&amp;#xD;&amp;#xA;&amp;#x9; * 你应当使用返回字段中的各值做为key.&amp;#xD;&amp;#xA;&amp;#x9; */&amp;#x9;&amp;#xD;&amp;#xA;&amp;#x9;@Override&amp;#xD;&amp;#xA;&amp;#x9;public Object getValueByJava()throws BaseException, SQLException{&amp;#xD;&amp;#xA;&amp;#x9;&amp;#x9;//code from here. put the return value to the complexObj use complexObj.addValue&amp;#xD;&amp;#xA;&amp;#x9;&amp;#x9;ComplexObj complexObj = new ComplexObj();&amp;#xD;&amp;#xA;&amp;#x9;&amp;#x9;TableConfig classTableConfig = this.getReferencer("classId");&amp;#xA;&amp;#x9;&amp;#x9;String code = (String)classTableConfig.getValue("code");&amp;#xA;&amp;#x9;&amp;#x9;String name = (String)this.getValue("name");&amp;#xA;&amp;#x9;&amp;#x9;&amp;#xA;&amp;#x9;&amp;#x9;//complexObj.addValue("returnFile1", value1);&amp;#xD;&amp;#xA;&amp;#x9;&amp;#x9;//complexObj.addValue("returnField2", value2);&amp;#xD;&amp;#xA;&amp;#x9;&amp;#x9;//return complexObj;&amp;#xD;&amp;#xA;&amp;#x9;&amp;#x9;return code + ":" + name;&amp;#xD;&amp;#xA;&amp;#x9;}&amp;#x9;&amp;#xD;&amp;#xA;}&amp;#xD;&amp;#xA;</javaCode>
    </role>  
    <role name="sex" type="java.lang.String" method="enum" distinctCount="0" min="0" max="10" nullPercent="0.0"> 
      <enum value="男" percent="1"/>  
      <enum value="女" percent="1"/> 
    </role>  
    <role name="tel" type="resources.datatype.MobileNo" method="random" distinctCount="0" min="13100000000" max="15999999999" nullPercent="0.5"/> 
  </roles> 
</table>
